{
  "INSTI": [72.9156897, 19.131522, "MADERA MUNICIPAL AIRPORT", [0, 1, 0, 1, 6, 3, 2, 1, 2, 7, 29, 12, 3]],
  "GYMKHANA": [72.9148314, 19.131745, "SAN JOSE INTERNATIONAL  AIRPORT", [1, 0, 1, 1, 6, 10, 5, 3, 2, 4, 14, 21, 7]]
}