{
  "Amul":[72.9059088, 19.1345298,"Amul",[1,1,0,0,0,0,0,0,0,0,1,1,1,1,1,1,1,1,1,1,1,1,1,1]],
  "Brewberrys":[19.1306552026201,72.9076288461537,"Brewberrys",[1,1,0,0,0,0,0,0,0,0,1,1,1,1,1,1,1,1,1,1,1,1,1,1]],
  "Campus Hub":[19.1305722820961,72.9056301076921,"Campus Hub",[1,1,0,0,0,0,0,0,0,0,1,1,1,1,1,1,1,1,1,1,1,1,1,1]]
}