{
"Amul":[72.9066329,19.1351823,"Amul",[1,1,0,0,0,0,0,0,0,0,0,0,0,0,1,1,1,1,1,1,1,1,1,1]],
"Brewberrys":[72.9113606,19.1335628,"Brewberrys",[1,1,0,0,0,0,0,0,0,0,1,1,1,1,1,1,1,1,1,1,1,1,1,1]],
"Campus Hub":[72.907858,19.1346051,"Campus Hub",[1,1,0,0,0,0,0,0,0,0,1,1,1,1,1,1,1,1,1,1,1,1,1,1]],
"Chem":[72.9175436, 19.1304557,"Chemical Department Canteen",[0,0,0,0,0,0,0,0,1,1,1,1,1,1,1,1,1,1,1,1,0,0,0,0]],
"Elec":[72.9172897, 19.1314343,"Electrical Department Canteen",[0,0,0,0,0,0,0,0,1,1,1,1,1,1,1,1,1,1,1,1,0,0,0,0]],
"Gullu":[72.9153639,19.1295261,"Gulmohur",[0,0,0,0,0,0,0,0,0,0,0,0,0,1,1,0,0,0,0,0,1,1,1,0]],
"Gullu Café":[72.9147094,19.1296605,"Gulmohur Cafe",[0,0,0,0,0,0,0,0,1,1,1,1,1,1,1,1,1,1,1,1,0,0,0,0]],
"H1 canteen":[72.9140754,19.1362236,"Hostel 1 canteen",[1,1,0,0,0,0,0,0,0,0,0,0,0,1,1,0,0,0,1,1,1,1,1,1]],
"H10 canteen":[72.9147136,19.1288308,"Hostel 10 canteen",[1,1,0,0,0,0,0,0,0,0,0,0,0,1,1,0,0,0,1,1,1,1,1,1]],
"H11 canteen":[72.9118262,19.1329726, "Hostel 11 Canteen",[1,1,1,0,0,0,0,0,0,0,0,0,0,0,0,0,0,0,0,0,0,0,0,1]],
"H12 canteen":[72.9044722,19.1347686,"Hostel 12/13/14 Canteen",[1,1,1,1,0,0,0,0,0,0,0,0,0,0,0,0,0,0,0,0,0,0,0,1]],
"H15 canteen":[72.9134606, 19.1371653,"Hostel 15/16",[1,1,0,0,0,0,0,0,0,0,0,0,0,0,0,0,0,0,0,0,0,0,0,1]],
"H16 canteen":[72.9134211, 19.1374490,"Hostel 15/16",[1,1,0,0,0,0,0,0,0,0,0,0,0,0,0,0,0,0,0,0,0,0,0,1]],
"H2 canteen":[72.9130422,19.1364355,"Hostel 2 Canteen",[1,1,1,1,0,0,0,0,0,0,0,0,0,0,0,0,0,0,0,0,0,0,0,1]],
"H3 canteen":[72.9122716,19.1364259,"Hostel 3 Canteen",[1,1,1,0,0,0,0,0,0,0,0,0,1,1,1,0,0,0,1,1,1,1,1,1]],
"H4 canteen":[72.9101497,19.1362589,"Hostel 4 Canteen",[1,1,1,0,0,0,0,0,0,0,0,0,0,1,1,0,0,0,1,1,1,1,1,1]],
"H5 canteen":[72.9101175,19.1353315,"Hostel 5 Canteen",[1,1,0,0,0,0,0,0,0,0,0,0,0,1,1,0,0,0,0,1,1,1,1,1]],
"H6 canteen":[72.906813,19.1358433,"Hostel 6 Canteen",[1,1,1,0,0,0,0,0,0,0,0,0,1,1,1,0,0,0,1,1,1,1,1,1]],
"H7 canteen":[72.9067862,19.1342317,"Hostel 7 Canteen",[1,1,1,0,0,0,0,0,0,0,0,0,0,1,1,0,0,0,1,1,1,1,1,1]],
"H8 canteen":[72.9109906,19.1332776,"Hostel 8 Canteen",[1,1,1,0,0,0,0,0,0,0,0,0,1,1,1,0,0,0,0,1,1,1,1,1]],
"H9 canteen":[72.908362,19.1351782,"Hostel 9 Canteen",[1,1,1,0,0,0,0,0,0,0,0,0,0,1,1,0,0,0,1,1,1,1,1,1]],
"IDCC":[72.9173342,19.1331129,"IDC Canteen",[0,0,0,0,0,0,0,0,0,1,1,1,1,1,1,1,1,1,0,0,0,0,0,0]],
"KReSIT":[72.9155516,19.1302431,"KReSIT Canteen",[0,0,0,0,0,0,0,0,1,1,1,1,1,1,1,1,1,1,1,1,0,0,0,0]],
"Main Gate":[72.916536,19.124693,"Main Gate ke bahar",[0,0,0,0,0,0,0,0,0,1,1,1,1,1,1,1,1,1,1,1,1,1,0,0]],
"Shack":[72.9153555,19.132288,"Nescafe Shack",[0,0,0,0,0,0,0,0,0,1,1,1,1,1,1,1,1,0,0,0,0,0,0,0]],
"StaffC":[72.914588, 19.133715,"Staff Canteen",[0,0,0,0,0,0,0,0,0,0,0,0,0,1,1,0,0,0,0,0,1,1,1,0]],
"Sunrise":[72.9137213,19.1357101,"Sunrise Dhaba",[0,0,0,0,0,0,0,0,0,0,0,0,0,1,1,0,0,0,0,0,1,1,1,0]],
"Tansa Canteen":[72.909820,19.135872,"Tansa Canteen",[1,1,0,0,0,0,0,0,0,0,0,0,0,1,1,0,0,0,0,1,1,1,1,1]],
"YP":[72.919523,19.129073,"YP/Upahar",[0,0,0,0,0,0,0,0,0,1,1,1,1,1,1,1,1,0,0,0,0,0,0,0]],
"Tapri":[72.916524,19.124852,"Main gate tapri",[1,1,1,1,1,0,0,0,0,0,0,0,0,0,0,0,0,0,0,0,0,0,0,0]],
"H1 Mess":[72.913657,19.136193,"H1 Mess",[0,0,0,0,0,0,0,0,1,1,0,0,0,0,0,0,0,1,0,0,0,0,0,0]],
"H2 Mess":[72.9116639,19.1364275,"H2 Mess",[0,0,0,0,0,0,0,0,1,1,0,0,0,0,0,0,0,1,0,0,0,0,0,0]],
"H3 Mess":[72.911156,19.136263,"H3 Mess",[0,0,0,0,0,0,0,0,1,1,0,0,0,0,0,0,0,1,0,0,0,0,0,0]],
"H4 Mess":[72.909918,19.136286,"H4 Mess",[0,0,0,0,0,0,0,0,1,1,0,0,0,0,0,0,0,1,0,0,0,0,0,0]],
"H5 Mess":[72.9093649,19.1351242,"H5 Mess",[0,0,0,0,0,0,0,0,1,1,0,0,0,0,0,0,0,1,0,0,0,0,0,0]],
"H6 Mess":[72.907586,19.135521,"H6 Mess",[0,0,0,0,0,0,0,0,1,1,0,0,0,0,0,0,0,1,0,0,0,0,0,0]],
"H7 Mess":[72.907477,19.134866,"H7 Mess",[0,0,0,0,0,0,0,0,1,1,0,0,0,0,0,0,0,1,0,0,0,0,0,0]],
"H8 Mess":[72.911320,19.133596,"H8 Mess",[0,0,0,0,0,0,0,0,1,1,0,0,0,0,0,0,0,1,0,0,0,0,0,0]],
"H9 Mess":[72.908496,19.135592,"H9 Mess",[0,0,0,0,0,0,0,0,1,1,0,0,0,0,0,0,0,1,0,0,0,0,0,0]],
"H10 Mess":[72.915765,19.128625,"H10 Mess",[0,0,0,0,0,0,0,0,1,1,0,0,0,0,0,0,0,1,0,0,0,0,0,0]],
"H11 mess":[72.912042,19.133138,"H11 mess",[0,0,0,0,0,0,0,0,1,1,0,0,0,0,0,0,0,1,0,0,0,0,0,0]],
"H12/13/14 Mess":[72.9048002,19.1350504,"H12/13/14 Mess",[0,0,0,0,0,0,0,0,1,1,0,0,0,0,0,0,0,1,0,0,0,0,0,0]],
"H15/16 Mess":[72.914012,19.137819,"H15/16 Mess",[0,0,0,0,0,0,0,0,1,1,0,0,0,0,0,0,0,1,0,0,0,0,0,0]],
"Tansa Mess":[72.9101292,19.1356219,"Tansa Mess",[0,0,0,0,0,0,0,0,1,1,0,0,0,0,0,0,0,1,0,0,0,0,0,0]]
}
