{
"Amul":[19.1304983746725,72.8990466923074,"Amul",[1,1,0,0,0,0,0,0,0,0,1,1,1,1,1,1,1,1,1,1,1,1,1,1]],
"Brewberrys":[19.1306552026201,72.9076288461537,"Brewberrys",[1,1,0,0,0,0,0,0,0,0,1,1,1,1,1,1,1,1,1,1,1,1,1,1]],
"Campus Hub":[19.1305722820961,72.9056301076921,"Campus Hub",[1,1,0,0,0,0,0,0,0,0,1,1,1,1,1,1,1,1,1,1,1,1,1,1]],
"Chem":[19.1310094174673,72.9173176461539,"Chemical Department Canteen",[0,0,0,0,0,0,0,0,1,1,1,1,1,1,1,1,1,1,1,1,0,0,0,0]],
"Elec":[19.1308841353712,72.9156012153847,"Electrical Department Canteen",[0,0,0,0,0,0,0,0,1,1,1,1,1,1,1,1,1,1,1,1,0,0,0,0]],
"Gullu":[19.1310662,72.913275,"Gulmohur",[0,0,0,0,0,0,0,0,0,0,0,0,0,1,1,0,0,0,0,0,1,1,1,0]],
"Gullu Café":[19.1310662,72.9126200461538,"Gulmohur Cafe",[0,0,0,0,0,0,0,0,1,1,1,1,1,1,1,1,1,1,1,1,0,0,0,0]],
"H1 canteen":[19.1303992305677,72.9114117692307,"Hostel 1 canteen",[1,1,0,0,0,0,0,0,0,0,0,0,0,1,1,0,0,0,1,1,1,1,1,1]],
"H10 canteen":[19.1312013965066,72.9138960769231,"Hostel 10 canteen",[1,1,0,0,0,0,0,0,0,0,0,0,0,1,1,0,0,0,1,1,1,1,1,1]],
"H11 canteen":[19.1306894524017,72.909051676923,"Hostel 11 Canteen",[1,1,1,1,0,0,0,0,0,0,0,0,0,0,0,0,0,0,0,0,0,0,0,1]],
"H12 canteen":[19.1305326244542,72.8980416769227,"Hostel 12/13/14 Canteen",[1,1,1,1,0,0,0,0,0,0,0,0,0,0,0,0,0,0,0,0,0,0,0,1]],
"H15/16 canteen":[19.1302243764192,72.9116037384615,"Hostel 15/16",[1,1,1,1,0,0,0,0,0,0,0,0,0,0,0,0,0,0,0,0,0,0,0,1]],
"H2 canteen":[19.1303992305677,72.9090968461538,"Hostel 2 Canteen",[1,1,1,1,0,0,0,0,0,0,0,0,0,0,0,0,0,0,0,0,0,0,0,1]],
"H3 canteen":[19.130385710917,72.9077191846153,"Hostel 3 Canteen",[1,1,1,0,0,0,0,0,0,0,0,0,1,1,1,0,0,0,1,1,1,1,1,1]],
"H4 canteen":[19.1303947240175,72.9057543230768,"Hostel 4 Canteen",[1,1,1,0,0,0,0,0,0,0,0,0,0,1,1,0,0,0,1,1,1,1,1,1]],
"H5 canteen":[19.1304713353712,72.9056865692306,"Hostel 5 Canteen",[1,1,0,0,0,0,0,0,0,0,0,0,0,1,1,0,0,0,0,1,1,1,1,1]],
"H6 canteen":[19.1304803484716,72.9014180769228,"Hostel 6 Canteen",[1,1,1,0,0,0,0,0,0,0,0,0,1,1,1,0,0,0,1,1,1,1,1,1]],
"H7 canteen":[19.1305560585153,72.9024908461536,"Hostel 7 Canteen",[1,1,1,0,0,0,0,0,0,0,0,0,0,1,1,0,0,0,1,1,1,1,1,1]],
"H8 canteen":[19.1306696235808,72.9080918307691,"Hostel 8 Canteen",[1,1,1,0,0,0,0,0,0,0,0,0,1,1,1,0,,0,0,1,1,1,1,1]],
"H9 canteen":[19.1304515065502,72.9029425384613,"Hostel 9 Canteen",[1,1,1,0,0,0,0,0,0,0,0,0,0,1,1,0,0,0,1,1,1,1,1,1]],
"IDCC":[19.1307164917031,72.9166965692308,"IDC Canteen",[0,0,0,0,0,0,0,0,1,1,1,1,1,1,1,1,1,1,1,1,0,0,0,0]],
"KReSIT":[19.1309742663755,72.9139299538462,"KReSIT Canteen",[0,0,0,0,0,0,0,0,1,1,1,1,1,1,1,1,1,1,1,1,0,0,0,0]],
"Main Gate":[72.916536,19.124693,"Main Gate ke bahar",[0,0,0,0,0,0,0,0,0,1,1,1,1,1,1,1,1,0,0,0,0,0,0,0]],
"Shack":[72.9153555,19.132288,"Nescafe Shack",[0,0,0,0,0,0,0,0,0,1,1,1,1,1,1,1,1,0,0,0,0,0,0,0]],
"StaffC":[72.914588, 19.133715,"Staff Canteen",[0,0,0,0,0,0,0,0,0,0,0,0,0,1,1,0,0,0,0,0,1,1,1,0]],
"Sunrise":[72.9137213,19.1357101,"Sunrise Dhaba",[0,0,0,0,0,0,0,0,0,0,0,0,0,1,1,0,0,0,0,0,1,1,1,0]],
"Tansa":[72.909820,19.135872,"Tansa Canteen",[1,1,0,0,0,0,0,0,0,0,0,0,0,1,1,0,0,0,0,1,1,1,1,1]],
"YP":[72.919523,19.129073,"YP/Upahar",[0,0,0,0,0,0,0,0,0,1,1,1,1,1,1,1,1,0,0,0,0,0,0,0]],
"Tapri":[72.916524,19.124852,"Main gate tapri",[1,1,1,1,0,0,0,0,0,0,0,0,0,0,0,0,0,0,0,0,0,0,0,0]],
"H1 Mess":[72.913657,19.136193,"H1 Mess",[0,0,0,0,0,0,0,0,1,1,0,0,0,0,0,0,0,1,0,0,0,0,0,0]],
"H2 Mess":[72.9116639,19.1364275,"H2 Mess",[0,0,0,0,0,0,0,0,1,1,0,0,0,0,0,0,0,1,0,0,0,0,0,0]],
"H3 Mess":[72.911156,19.136263,"H3 Mess",[0,0,0,0,0,0,0,0,1,1,0,0,0,0,0,0,0,1,0,0,0,0,0,0]],
"H4 Mess":[72.909918,19.136286,"H4 Mess",[0,0,0,0,0,0,0,0,1,1,0,0,0,0,0,0,0,1,0,0,0,0,0,0]],
"H5 Mess":[72.9093649,19.1351242,"H5 Mess",[0,0,0,0,0,0,0,0,1,1,0,0,0,0,0,0,0,1,0,0,0,0,0,0]],
"H6 Mess":[72.907586,19.135521,"H6 Mess",[0,0,0,0,0,0,0,0,1,1,0,0,0,0,0,0,0,1,0,0,0,0,0,0]],
"H7 Mess":[72.907477,19.134866,"H7 Mess",[0,0,0,0,0,0,0,0,1,1,0,0,0,0,0,0,0,1,0,0,0,0,0,0]],
"H8 Mess":[72.911320,19.133596,"H8 Mess",[0,0,0,0,0,0,0,0,1,1,0,0,0,0,0,0,0,1,0,0,0,0,0,0]],
"H9 Mess":[72.908496,19.135592,"H9 Mess",[0,0,0,0,0,0,0,0,1,1,0,0,0,0,0,0,0,1,0,0,0,0,0,0]],
"H10 Mess":[72.915765,19.128625,"H10 Mess",[0,0,0,0,0,0,0,0,1,1,0,0,0,0,0,0,0,1,0,0,0,0,0,0]],
"H11 mess":[72.912042,19.133138,"H11 mess",[0,0,0,0,0,0,0,0,1,1,0,0,0,0,0,0,0,1,0,0,0,0,0,0]],
"H12/13/14 Mess":[72.9048002,19.1350504,"H12/13/14 Mess",[0,0,0,0,0,0,0,0,1,1,0,0,0,0,0,0,0,1,0,0,0,0,0,0]],
"H15/16 Mess":[72.914012,19.137819,"H15/16 Mess",[0,0,0,0,0,0,0,0,1,1,0,0,0,0,0,0,0,1,0,0,0,0,0,0]]
}